OM_Category_Label,OM_Simplified_Category,OM_Updated_Category,FSQ_Category_ID,FSQ_Category_Label,FSQ_Category_Primary,FSQ_Category_Secondary,Match_Score,Match_Quality,Review_Reason
hotel_supply_service,Accommodation & Lodging,Business-to-Business,11137,Business and Professional Services > Photography Service,Business and Professional Services , Photography Service,0.667,Medium,Accommodation category mismatch
bed_and_breakfast,Accommodation & Lodging,Accommodation & Lodging,13028,Dining and Drinking > Breakfast Spot,Dining and Drinking , Breakfast Spot,0.581,Low,Low similarity score
motel,Accommodation & Lodging,Accommodation & Lodging,16050,Landmarks and Outdoors > Tunnel,Landmarks and Outdoors , Tunnel,0.545,Low,Low similarity score
cottage,Accommodation & Lodging,Accommodation & Lodging,16012,Landmarks and Outdoors > Cave,Landmarks and Outdoors , Cave,0.545,Low,Low similarity score
low_income_housing,Accommodation & Lodging,Accommodation & Lodging,12064,Community and Government > Government Building,Community and Government , Government Building,0.486,Low,Low similarity score
houseboat,Accommodation & Lodging,Accommodation & Lodging,11174,Business and Professional Services > Warehouse,Business and Professional Services , Warehouse,0.556,Low,Low similarity score
inn,Accommodation & Lodging,Accommodation & Lodging,14008,Event > Line,Event , Line,0.571,Low,Low similarity score
self_catering_accommodation,Accommodation & Lodging,Accommodation & Lodging,19006,Travel and Transportation > Electric Vehicle Charging Station,Travel and Transportation , Electric Vehicle Charging Station,0.5,Low,Low similarity score; Accommodation category mismatch
hotel,Accommodation & Lodging,Accommodation & Lodging,15014,Health and Medicine > Hospital,Health and Medicine , Hospital,0.615,Medium,Accommodation category mismatch
service_apartments,Accommodation & Lodging,Accommodation & Lodging,17033,Retail > Department Store,Retail , Department Store,0.588,Low,Low similarity score
condominium,Accommodation & Lodging,Accommodation & Lodging,14002,Event > Convention,Event , Convention,0.476,Low,Low similarity score
accommodation,Accommodation & Lodging,Accommodation & Lodging,12009,Community and Government > Education,Community and Government , Education,0.545,Low,Low similarity score; Accommodation category mismatch
pumpkin_patch,Agriculture & Farming,Agriculture & Farming,12116,Community and Government > Polling Place,Community and Government , Polling Place,0.538,Low,Low similarity score
grain_elevators,Agriculture & Farming,Agriculture & Farming,17081,Retail > Framing Store,Retail , Framing Store,0.571,Low,Low similarity score
agriculture_association,Agriculture & Farming,Agriculture & Farming,11002,Business and Professional Services > Agriculture and Forestry Service,Business and Professional Services , Agriculture and Forestry Service,0.582,Low,Low similarity score
beer_wine_and_spirits,Agriculture & Farming,Agriculture & Farming,11154,Business and Professional Services > Refrigeration and Ice Supplier,Business and Professional Services , Refrigeration and Ice Supplier,0.549,Low,Low similarity score
apiaries_and_beekeepers,Agriculture & Farming,Agriculture & Farming,10000,Arts and Entertainment,Arts and Entertainment,,0.489,Low,Low similarity score
clown,Arts & Entertainment,Arts & Entertainment,19009,Travel and Transportation > Lodging,Travel and Transportation , Lodging,0.5,Low,Low similarity score
agricultural_production,Arts & Entertainment,Arts & Entertainment,12005,Community and Government > Cultural Center,Community and Government , Cultural Center,0.526,Low,Low similarity score
topic_concert_venue,Arts & Entertainment,Arts & Entertainment,10035,Arts and Entertainment > Performing Arts Venue,Arts and Entertainment , Performing Arts Venue,0.5,Low,Low similarity score
musical_band_orchestras_and_symphonies,Arts & Entertainment,Arts & Entertainment,11000,Business and Professional Services,Business and Professional Services,,0.5,Low,Low similarity score
opera_and_ballet,Arts & Entertainment,Arts & Entertainment,11162,Business and Professional Services > Security and Safety,Business and Professional Services , Security and Safety,0.571,Low,Low similarity score
general_festivals,Arts & Entertainment,Arts & Entertainment,11106,Business and Professional Services > Industrial Estate,Business and Professional Services , Industrial Estate,0.529,Low,Low similarity score
audio_visual_production_and_design,Arts & Entertainment,Arts & Entertainment,11006,Business and Professional Services > Audiovisual Service,Business and Professional Services , Audiovisual Service,0.566,Low,Low similarity score
crops_production,Arts & Entertainment,Arts & Entertainment,11028,Business and Professional Services > Construction,Business and Professional Services , Construction,0.571,Low,Low similarity score
choir,Arts & Entertainment,Arts & Entertainment,10009,Arts and Entertainment > Circus,Arts and Entertainment , Circus,0.545,Low,Low similarity score
festival,Arts & Entertainment,Arts & Entertainment,13037,Dining and Drinking > Cafeteria,Dining and Drinking , Cafeteria,0.588,Low,Low similarity score
orchards_production,Arts & Entertainment,Arts & Entertainment,16020,Landmarks and Outdoors > Historic and Protected Site,Landmarks and Outdoors , Historic and Protected Site,0.522,Low,Low similarity score
commissioned_artist,Arts & Entertainment,Arts & Entertainment,11170,Business and Professional Services > Telecommunication Service,Business and Professional Services , Telecommunication Service,0.5,Low,Low similarity score
video_film_production,Arts & Entertainment,Arts & Entertainment,12009,Community and Government > Education,Community and Government , Education,0.533,Low,Low similarity score
theatrical_productions,Arts & Entertainment,Arts & Entertainment,15025,Health and Medicine > Other Healthcare Professional,Health and Medicine , Other Healthcare Professional,0.549,Low,Low similarity score
music_production,Arts & Entertainment,Arts & Entertainment,11028,Business and Professional Services > Construction,Business and Professional Services , Construction,0.571,Low,Low similarity score
magician,Arts & Entertainment,Arts & Entertainment,15027,Health and Medicine > Physician,Health and Medicine , Physician,0.588,Low,Low similarity score
theaters_and_performance_venues,Arts & Entertainment,Arts & Entertainment,10035,Arts and Entertainment > Performing Arts Venue,Arts and Entertainment , Performing Arts Venue,0.538,Low,Low similarity score
grain_production,Arts & Entertainment,Arts & Entertainment,12009,Community and Government > Education,Community and Government , Education,0.56,Low,Low similarity score
commercial_vehicle_dealer,Automotive,Automotive,19006,Travel and Transportation > Electric Vehicle Charging Station,Travel and Transportation , Electric Vehicle Charging Station,0.483,Low,Low similarity score
emissions_inspection,Automotive,Automotive,18000,Sports and Recreation,Sports and Recreation,,0.537,Low,Low similarity score
b2b_forklift_dealers,Automotive,Business-to-Business,10006,Arts and Entertainment > Bowling Alley,Arts and Entertainment , Bowling Alley,0.485,Low,Low similarity score
coin_dealers,Automotive,Automotive,10006,Arts and Entertainment > Bowling Alley,Arts and Entertainment , Bowling Alley,0.56,Low,Low similarity score
b2b_equipment_maintenance_and_repair,Automotive,Business-to-Business,11037,Business and Professional Services > Equipment Rental Service,Business and Professional Services , Equipment Rental Service,0.5,Low,Low similarity score
automotive_parts_and_accessories,Automotive,Automotive,17003,Retail > Arts and Crafts Store,Retail , Arts and Crafts Store,0.566,Low,Low similarity score
wheel_and_rim_repair,Automotive,Automotive,15000,Health and Medicine,Health and Medicine,,0.513,Low,Low similarity score
forklift_dealer,Automotive,Automotive,11179,Business and Professional Services > Wholesaler,Business and Professional Services , Wholesaler,0.56,Low,Low similarity score
car_buyer,Automotive,Automotive,19005,Travel and Transportation > Cruise,Travel and Transportation , Cruise,0.533,Low,Low similarity score
b2b_truck_equipment_parts_and_accessories,Automotive,Business-to-Business,11032,Business and Professional Services > Electrical Equipment Supplier,Business and Professional Services , Electrical Equipment Supplier,0.486,Low,Low similarity score
boat_service_and_repair,Automotive,Automotive,18000,Sports and Recreation,Sports and Recreation,,0.545,Low,Low similarity score
motorcycle_dealer,Automotive,Automotive,11117,Business and Professional Services > Lottery Retailer,Business and Professional Services , Lottery Retailer,0.545,Low,Low similarity score
car_wash,Automotive,Automotive,10007,Arts and Entertainment > Carnival,Arts and Entertainment , Carnival,0.5,Low,Low similarity score
brake_service_and_repair,Automotive,Automotive,11184,Business and Professional Services > Creative Service,Business and Professional Services , Creative Service,0.55,Low,Low similarity score
exhaust_and_muffler_repair,Automotive,Automotive,17023,Retail > Computers and Electronics Retail,Retail , Computers and Electronics Retail,0.517,Low,Low similarity score
car_broker,Automotive,Automotive,17037,Retail > Eyecare Store,Retail , Eyecare Store,0.522,Low,Low similarity score
car_window_tinting,Automotive,Automotive,19000,Travel and Transportation,Travel and Transportation,,0.465,Low,Low similarity score
tire_dealer_and_repair,Automotive,Automotive,19000,Travel and Transportation,Travel and Transportation,,0.553,Low,Low similarity score
bike_repair_maintenance,Automotive,Automotive,19002,Travel and Transportation > Bike Rental,Travel and Transportation , Bike Rental,0.588,Low,Low similarity score
trucks_and_industrial_vehicles,Automotive,Automotive,12091,Community and Government > Public and Social Service,Community and Government , Public and Social Service,0.582,Low,Low similarity score
b2b_autos_and_vehicles,Automotive,Business-to-Business,16061,Landmarks and Outdoors > States and Municipalities,Landmarks and Outdoors , States and Municipalities,0.553,Low,Low similarity score
auto_security,Automotive,Automotive,17004,Retail > Auction House,Retail , Auction House,0.538,Low,Low similarity score
motorcycle_gear,Automotive,Automotive,12114,Community and Government > Trailer Park,Community and Government , Trailer Park,0.519,Low,Low similarity score
car_stereo_installation,Automotive,Automotive,11028,Business and Professional Services > Construction,Business and Professional Services , Construction,0.514,Low,Low similarity score
it_service_and_computer_repair,Automotive,Automotive,11027,Business and Professional Services > Computer Repair Service,Business and Professional Services , Computer Repair Service,0.566,Low,Low similarity score
truck_dealer_for_businesses,Automotive,Automotive,11108,Business and Professional Services > Technology Business > IT Service,Business and Professional Services , Technology Business ,0.565,Low,Low similarity score
home_automation,Automotive,Automotive,19007,Travel and Transportation > Fuel Station,Travel and Transportation , Fuel Station,0.593,Low,Low similarity score
hybrid_car_repair,Automotive,Automotive,11025,Business and Professional Services > Child Care Service,Business and Professional Services , Child Care Service,0.571,Low,Low similarity score
diamond_dealer,Automotive,Automotive,10024,Arts and Entertainment > Movie Theater,Arts and Entertainment , Movie Theater,0.519,Low,Low similarity score
auto_loan_provider,Automotive,Automotive,17004,Retail > Auction House,Retail , Auction House,0.516,Low,Low similarity score
aircraft_repair,Automotive,Automotive,17003,Retail > Arts and Crafts Store,Retail , Arts and Crafts Store,0.556,Low,Low similarity score
water_heater_installation_repair,Automotive,Automotive,11158,Business and Professional Services > Research Station,Business and Professional Services , Research Station,0.5,Low,Low similarity score
vehicle_wrap,Automotive,Automotive,15017,Health and Medicine > Medical Lab,Health and Medicine , Medical Lab,0.522,Low,Low similarity score
recreational_vehicle_parts_and_accessories,Automotive,Automotive,11154,Business and Professional Services > Refrigeration and Ice Supplier,Business and Professional Services , Refrigeration and Ice Supplier,0.528,Low,Low similarity score
vehicle_shipping,Automotive,Automotive,16021,Landmarks and Outdoors > Hot Spring,Landmarks and Outdoors , Hot Spring,0.538,Low,Low similarity score
windshield_installation_and_repair,Automotive,Automotive,19028,Travel and Transportation > Tourist Information and Service,Travel and Transportation , Tourist Information and Service,0.523,Low,Low similarity score
auto_electrical_repair,Automotive,Automotive,17023,Retail > Computers and Electronics Retail,Retail , Computers and Electronics Retail,0.593,Low,Low similarity score
home_window_tinting,Automotive,Automotive,11076,Business and Professional Services > Home Improvement Service,Business and Professional Services , Home Improvement Service,0.465,Low,Low similarity score
bathtub_and_sink_repairs,Automotive,Automotive,15000,Health and Medicine,Health and Medicine,,0.512,Low,Low similarity score
car_sharing,Automotive,Automotive,10008,Arts and Entertainment > Casino,Arts and Entertainment , Casino,0.588,Low,Low similarity score
generator_installation_repair,Automotive,Automotive,11171,Business and Professional Services > Translation Service,Business and Professional Services , Translation Service,0.542,Low,Low similarity score
b2b_tractor_dealers,Automotive,Automotive,17014,Retail > Baby Store,Retail , Baby Store,0.483,Low,Low similarity score
mobile_dent_repair,Automotive,Automotive,16004,Landmarks and Outdoors > Bike Trail,Landmarks and Outdoors , Bike Trail,0.571,Low,Low similarity score
livestock_dealers,Automotive,Automotive,10053,Arts and Entertainment > Ticket Seller,Arts and Entertainment , Ticket Seller,0.533,Low,Low similarity score
fuel_dock,Automotive,Automotive,11059,Business and Professional Services > Funeral Home,Business and Professional Services , Funeral Home,0.571,Low,Low similarity score
ceiling_and_roofing_repair_and_service,Automotive,Construction & Contractors,11027,Business and Professional Services > Computer Repair Service,Business and Professional Services , Computer Repair Service,0.59,Low,Low similarity score
furniture_reupholstery,Automotive,Automotive,16028,Landmarks and Outdoors > Nature Preserve,Landmarks and Outdoors , Nature Preserve,0.595,Low,Low similarity score
muay_thai_club,Beauty & Wellness,Beauty & Wellness,10049,Arts and Entertainment > Salsa Club,Arts and Entertainment , Salsa Club,0.583,Low,Low similarity score
boot_camp,Beauty & Wellness,Beauty & Wellness,15005,Health and Medicine > Blood Bank,Health and Medicine , Blood Bank,0.526,Low,Low similarity score
boxing_class,Beauty & Wellness,Beauty & Wellness,10006,Arts and Entertainment > Bowling Alley,Arts and Entertainment , Bowling Alley,0.56,Low,Low similarity score
laser_hair_removal,Beauty & Wellness,Beauty & Wellness,17039,Retail > Fashion Retail,Retail , Fashion Retail,0.562,Low,Low similarity score
beauty_salon,Beauty & Wellness,Beauty & Wellness,11173,Business and Professional Services > TV Station,Business and Professional Services , TV Station,0.545,Low,Low similarity score
tattoo_removal,Beauty & Wellness,Beauty & Wellness,17005,Retail > Automotive Retail,Retail , Automotive Retail,0.581,Low,Low similarity score
kickboxing_club,Beauty & Wellness,Beauty & Wellness,10011,Arts and Entertainment > Country Club,Arts and Entertainment , Country Club,0.593,Low,Low similarity score
reiki,Beauty & Wellness,Beauty & Wellness,17000,Retail,Retail,,0.545,Low,Low similarity score
hair_extensions,Beauty & Wellness,Beauty & Wellness,11144,Business and Professional Services > Radio Station,Business and Professional Services , Radio Station,0.5,Low,Low similarity score
boudoir_photography,Beauty & Wellness,Beauty & Wellness,11137,Business and Professional Services > Photography Service,Business and Professional Services , Photography Service,0.579,Low,Low similarity score
tanning_bed,Beauty & Wellness,Beauty & Wellness,10018,Arts and Entertainment > Gaming Cafe,Arts and Entertainment , Gaming Cafe,0.545,Low,Low similarity score
fitness_exercise_equipment,Beauty & Wellness,Beauty & Wellness,11105,Business and Professional Services > Industrial Equipment Supplier,Business and Professional Services , Industrial Equipment Supplier,0.509,Low,Low similarity score
float_spa,Beauty & Wellness,Beauty & Wellness,17055,Retail > Floating Market,Retail , Floating Market,0.583,Low,Low similarity score
hair_removal,Beauty & Wellness,Beauty & Wellness,17039,Retail > Fashion Retail,Retail , Fashion Retail,0.538,Low,Low similarity score
day_spa,Beauty & Wellness,Beauty & Wellness,16013,Landmarks and Outdoors > Dive Spot,Landmarks and Outdoors , Dive Spot,0.5,Low,Low similarity score
massage,Beauty & Wellness,Beauty & Wellness,11121,Business and Professional Services > Media Agency,Business and Professional Services , Media Agency,0.526,Low,Low similarity score
tattoo,Beauty & Wellness,Beauty & Wellness,11166,Business and Professional Services > Tailor,Business and Professional Services , Tailor,0.5,Low,Low similarity score
brazilian_jiu_jitsu_club,Beauty & Wellness,Beauty & Wellness,10049,Arts and Entertainment > Salsa Club,Arts and Entertainment , Salsa Club,0.471,Low,Low similarity score
tanning_salon,Beauty & Wellness,Beauty & Wellness,17015,Retail > Betting Shop,Retail , Betting Shop,0.56,Low,Low similarity score
hair_stylist,Beauty & Wellness,Beauty & Wellness,11005,Business and Professional Services > Art Studio,Business and Professional Services , Art Studio,0.545,Low,Low similarity score
spas,Beauty & Wellness,Beauty & Wellness,15014,Health and Medicine > Hospital,Health and Medicine , Hospital,0.5,Low,Low similarity score
kids_hair_salon,Beauty & Wellness,Beauty & Wellness,15002,Health and Medicine > AIDS Resource,Health and Medicine , AIDS Resource,0.5,Low,Low similarity score
taekwondo_club,Beauty & Wellness,Beauty & Wellness,10010,Arts and Entertainment > Comedy Club,Arts and Entertainment , Comedy Club,0.56,Low,Low similarity score
newspaper_advertising,Beauty & Wellness,Beauty & Wellness,11188,Business and Professional Services > Online Advertising Service,Business and Professional Services , Online Advertising Service,0.596,Low,Low similarity score
hair_replacement,Beauty & Wellness,Beauty & Wellness,14009,Event > Marketplace,Event , Marketplace,0.593,Low,Low similarity score
makeup_artist,Beauty & Wellness,Beauty & Wellness,17144,Retail > Market,Retail , Market,0.526,Low,Low similarity score
permanent_makeup,Beauty & Wellness,Beauty & Wellness,12095,Community and Government > Retirement Home,Community and Government , Retirement Home,0.581,Low,Low similarity score
b2b_science_and_technology,Business-to-Business,Business-to-Business,10046,Arts and Entertainment > Psychic and Astrologer,Arts and Entertainment , Psychic and Astrologer,0.583,Low,Low similarity score
b2b_dairies,Business-to-Business,Business-to-Business,15051,Health and Medicine > Podiatrist,Health and Medicine , Podiatrist,0.476,Low,Low similarity score
b2b_jewelers,Business-to-Business,Business-to-Business,13029,Dining and Drinking > Brewery,Dining and Drinking , Brewery,0.526,Low,Low similarity score
b2b_machinery_and_tools,Business-to-Business,Business-to-Business,16000,Landmarks and Outdoors,Landmarks and Outdoors,,0.533,Low,Low similarity score
elder_care_planning,Community & Social Services,Community & Social Services,15011,Health and Medicine > Healthcare Clinic,Health and Medicine , Healthcare Clinic,0.556,Low,Low similarity score
volunteer_association,Community & Social Services,Community & Social Services,12082,Community and Government > Organization,Community and Government , Organization,0.485,Low,Low similarity score
homeowner_association,Community & Social Services,Community & Social Services,11028,Business and Professional Services > Construction,Business and Professional Services , Construction,0.485,Low,Low similarity score
welders,Community & Social Services,Community & Social Services,11179,Business and Professional Services > Wholesaler,Business and Professional Services , Wholesaler,0.588,Low,Low similarity score
blood_and_plasma_donation_center,Community & Social Services,Community & Social Services,11029,Business and Professional Services > Convention Center,Business and Professional Services , Convention Center,0.531,Low,Low similarity score
labor_union,Community & Social Services,Community & Social Services,11005,Business and Professional Services > Art Studio,Business and Professional Services , Art Studio,0.571,Low,Low similarity score
community_services_non_profits,Community & Social Services,Community & Social Services,11170,Business and Professional Services > Telecommunication Service,Business and Professional Services , Telecommunication Service,0.582,Low,Low similarity score
private_association,Community & Social Services,Community & Social Services,18000,Sports and Recreation,Sports and Recreation,,0.55,Low,Low similarity score
packaging_contractors_and_service,Construction & Contractors,Construction & Contractors,11004,Business and Professional Services > Art Restoration Service,Business and Professional Services , Art Restoration Service,0.571,Low,Low similarity score
kitchen_remodeling,Construction & Contractors,Construction & Contractors,12117,Community and Government > Assisted Living,Community and Government , Assisted Living,0.485,Low,Low similarity score
plumbing,Construction & Contractors,Construction & Contractors,19009,Travel and Transportation > Lodging,Travel and Transportation , Lodging,0.533,Low,Low similarity score
roofing,Construction & Contractors,Construction & Contractors,19009,Travel and Transportation > Lodging,Travel and Transportation , Lodging,0.571,Low,Low similarity score
closet_remodeling,Construction & Contractors,Construction & Contractors,16021,Landmarks and Outdoors > Hot Spring,Landmarks and Outdoors , Hot Spring,0.519,Low,Low similarity score
logging_contractor,Construction & Contractors,Construction & Contractors,11116,Business and Professional Services > Logging Service,Business and Professional Services , Logging Service,0.545,Low,Low similarity score
stone_and_masonry,Construction & Contractors,Construction & Contractors,17082,Retail > Furniture and Home Store,Retail , Furniture and Home Store,0.537,Low,Low similarity score
boat_builder,Construction & Contractors,Construction & Contractors,19064,Travel and Transportation > Boat or Ferry,Travel and Transportation , Boat or Ferry,0.56,Low,Low similarity score
paving_contractor,Construction & Contractors,Construction & Contractors,10005,Arts and Entertainment > Bingo Center,Arts and Entertainment , Bingo Center,0.552,Low,Low similarity score
masonry_contractors,Construction & Contractors,Construction & Contractors,10034,Arts and Entertainment > Party Center,Arts and Entertainment , Party Center,0.516,Low,Low similarity score
face_painting,Construction & Contractors,Construction & Contractors,14002,Event > Convention,Event , Convention,0.522,Low,Low similarity score
insulation_installation,Construction & Contractors,Construction & Contractors,17131,Retail > Stationery Store,Retail , Stationery Store,0.513,Low,Low similarity score
flooring_contractors,Construction & Contractors,Construction & Contractors,17081,Retail > Framing Store,Retail , Framing Store,0.545,Low,Low similarity score
altering_and_remodeling_contractor,Construction & Contractors,Construction & Contractors,18051,Sports and Recreation > Running and Track,Sports and Recreation , Running and Track,0.51,Low,Low similarity score
building_contractor,Construction & Contractors,Construction & Contractors,10005,Arts and Entertainment > Bingo Center,Arts and Entertainment , Bingo Center,0.581,Low,Low similarity score
masonry_concrete,Construction & Contractors,Construction & Contractors,10034,Arts and Entertainment > Party Center,Arts and Entertainment , Party Center,0.571,Low,Low similarity score
bathroom_remodeling,Construction & Contractors,Construction & Contractors,17093,Retail > Leather Goods Store,Retail , Leather Goods Store,0.474,Low,Low similarity score
childproofing,Construction & Contractors,Construction & Contractors,16021,Landmarks and Outdoors > Hot Spring,Landmarks and Outdoors , Hot Spring,0.522,Low,Low similarity score
builders,Construction & Contractors,Construction & Contractors,13038,Dining and Drinking > Cidery,Dining and Drinking , Cidery,0.571,Low,Low similarity score
science_schools,Education,Education,10050,Arts and Entertainment > Samba School,Arts and Entertainment , Samba School,0.593,Low,Low similarity score
cardio_classes,Education,Exercise/Wellness,17003,Retail > Arts and Crafts Store,Retail , Arts and Crafts Store,0.514,Low,Low similarity score
cpr_classes,Education,Education,10054,Arts and Entertainment > VR Cafe,Arts and Entertainment , VR Cafe,0.556,Low,Low similarity score
wine_tasting_classes,Education,Education,17092,Retail > Knitting Store,Retail , Knitting Store,0.529,Low,Low similarity score
parenting_classes,Education,Education,10018,Arts and Entertainment > Gaming Cafe,Arts and Entertainment , Gaming Cafe,0.571,Low,Low similarity score
self_defense_classes,Education,Exercise/Wellness,17003,Retail > Arts and Crafts Store,Retail , Arts and Crafts Store,0.439,Low,Low similarity score
day_care_preschool,Education,Education,10050,Arts and Entertainment > Samba School,Arts and Entertainment , Samba School,0.533,Low,Low similarity score
life_coach,Education,Education,16003,Landmarks and Outdoors > Beach,Landmarks and Outdoors , Beach,0.533,Low,Low similarity score
montessori_school,Education,Education,10050,Arts and Entertainment > Samba School,Arts and Entertainment , Samba School,0.552,Low,Low similarity score
first_aid_class,Education,Education,17003,Retail > Arts and Crafts Store,Retail , Arts and Crafts Store,0.556,Low,Low similarity score
vocational_and_technical_school,Education,Education,11194,"Business and Professional Services > Writing, Copywriting and Technical Writing Service",Business and Professional Services ," Writing, Copywriting and Technical Writing Service",0.519,Low,Low similarity score
cooking_classes,Education,Education,12116,Community and Government > Polling Place,Community and Government , Polling Place,0.571,Low,Low similarity score
preschool,Education,Education,10050,Arts and Entertainment > Samba School,Arts and Entertainment , Samba School,0.571,Low,Low similarity score
religious_school,Education,Education,10050,Arts and Entertainment > Samba School,Arts and Entertainment , Samba School,0.571,Low,Low similarity score
after_school_program,Education,Education,10033,Arts and Entertainment > Pachinko Parlor,Arts and Entertainment , Pachinko Parlor,0.514,Low,Low similarity score
student_union,Education,Education,11028,Business and Professional Services > Construction,Business and Professional Services , Construction,0.56,Low,Low similarity score
university_housing,Education,Education,12115,Community and Government > Utility Company,Community and Government , Utility Company,0.485,Low,Low similarity score
computer_coaching,Education,Education,19004,Travel and Transportation > Border Crossing,Travel and Transportation , Border Crossing,0.562,Low,Low similarity score
cooking_school,Education,Education,10050,Arts and Entertainment > Samba School,Arts and Entertainment , Samba School,0.538,Low,Low similarity score
coach_bus,Education,Transportation,10009,Arts and Entertainment > Circus,Arts and Entertainment , Circus,0.533,Low,Low similarity score
college_university,Education,Education,11165,Business and Professional Services > Storage Facility,Business and Professional Services , Storage Facility,0.471,Low,Low similarity score
credit_union,Financial Services,Financial Services,11152,Business and Professional Services > Recording Studio,Business and Professional Services , Recording Studio,0.571,Low,Low similarity score
installment_loans,Financial Services,Financial Services,10020,Arts and Entertainment > Internet Cafe,Arts and Entertainment , Internet Cafe,0.533,Low,Low similarity score
bank_credit_union,Financial Services,Financial Services,18000,Sports and Recreation,Sports and Recreation,,0.526,Low,Low similarity score
currency_exchange,Financial Services,Financial Services,15008,Health and Medicine > Emergency Service,Health and Medicine , Emergency Service,0.529,Low,Low similarity score
livestock_breeder,Financial Services,Financial Services,17136,Retail > Vape Store,Retail , Vape Store,0.519,Low,Low similarity score
customs_broker,Financial Services,Financial Services,17035,Retail > Drugstore,Retail , Drugstore,0.522,Low,Low similarity score
atms,Financial Services,Financial Services,16056,Landmarks and Outdoors > Dam,Landmarks and Outdoors , Dam,0.571,Low,Low similarity score
stock_and_bond_brokers,Financial Services,Financial Services,16020,Landmarks and Outdoors > Historic and Protected Site,Landmarks and Outdoors , Historic and Protected Site,0.531,Low,Low similarity score
banks,Financial Services,Financial Services,13002,Dining and Drinking > Bakery,Dining and Drinking , Bakery,0.545,Low,Low similarity score
mortgage_lender,Financial Services,Financial Services,10022,Arts and Entertainment > Laser Tag Center,Arts and Entertainment , Laser Tag Center,0.581,Low,Low similarity score
home_and_rental_insurance,Financial Services,Financial Services,11037,Business and Professional Services > Equipment Rental Service,Business and Professional Services , Equipment Rental Service,0.571,Low,Low similarity score
check_cashing_payday_loans,Financial Services,Financial Services,17106,Retail > Packaging Supply Store,Retail , Packaging Supply Store,0.458,Low,Low similarity score
ice_cream_and_frozen_yoghurt,Food & Dining,Food & Dining,10046,Arts and Entertainment > Psychic and Astrologer,Arts and Entertainment , Psychic and Astrologer,0.48,Low,Low similarity score
specialty_foods,Food & Dining,Food & Dining,11162,Business and Professional Services > Security and Safety,Business and Professional Services , Security and Safety,0.471,Low,Low similarity score
speakeasy,Food & Dining,Food & Dining,13002,Dining and Drinking > Bakery,Dining and Drinking , Bakery,0.533,Low,Low similarity score
b2b_food_products,Food & Dining,Business-to-Business,13054,Dining and Drinking > Food Truck,Dining and Drinking , Food Truck,0.593,Low,Low similarity score
frozen_foods,Food & Dining,Food & Dining,13053,Dining and Drinking > Food Stand,Dining and Drinking , Food Stand,0.455,Low,Low similarity score
irish_pub,Food & Dining,Food & Dining,10032,Arts and Entertainment > Night Club,Arts and Entertainment , Night Club,0.526,Low,Low similarity score
bistro,Food & Dining,Food & Dining,11143,Business and Professional Services > Publisher,Business and Professional Services , Publisher,0.533,Low,Low similarity score
public_and_government_association,Food & Dining,Food & Dining,12000,Community and Government,Community and Government,,0.596,Low,Low similarity score
soul_food,Food & Dining,Food & Dining,19026,Travel and Transportation > Toll Booth,Travel and Transportation , Toll Booth,0.526,Low,Low similarity score
pretzels,Food & Dining,Food & Dining,17000,Retail,Retail,,0.571,Low,Low similarity score
empanadas,Food & Dining,Food & Dining,17100,Retail > Newsstand,Retail , Newsstand,0.444,Low,Low similarity score
patisserie_cake_shop,Food & Dining,Food & Dining,13040,Dining and Drinking > Dessert Shop,Dining and Drinking , Dessert Shop,0.562,Low,Low similarity score
delicatessen,Food & Dining,Food & Dining,12009,Community and Government > Education,Community and Government , Education,0.476,Low,Low similarity score
doner_kebab,Food & Dining,Food & Dining,10013,Arts and Entertainment > Dance Hall,Arts and Entertainment , Dance Hall,0.476,Low,Low similarity score
ice_cream_shop,Food & Dining,Food & Dining,11118,Business and Professional Services > Machine Shop,Business and Professional Services , Machine Shop,0.538,Low,Low similarity score
gelato,Food & Dining,Food & Dining,19022,Travel and Transportation > Platform,Travel and Transportation , Platform,0.571,Low,Low similarity score
hotel_bar,Food & Dining,Food & Dining,13003,Dining and Drinking > Bar,Dining and Drinking , Bar,0.9,High,Accommodation category mismatch
kombucha,Food & Dining,Food & Dining,16003,Landmarks and Outdoors > Beach,Landmarks and Outdoors , Beach,0.462,Low,Low similarity score
acai_bowls,Food & Dining,Food & Dining,17004,Retail > Auction House,Retail , Auction House,0.522,Low,Low similarity score
bubble_tea,Food & Dining,Food & Dining,17105,Retail > Outlet Store,Retail , Outlet Store,0.545,Low,Low similarity score
hong_kong_style_cafe,Food & Dining,Food & Dining,11116,Business and Professional Services > Logging Service,Business and Professional Services , Logging Service,0.514,Low,Low similarity score
notary_public,Food & Dining,Government & Public Services,10011,Arts and Entertainment > Country Club,Arts and Entertainment , Country Club,0.56,Low,Low similarity score
non_governmental_association,Government & Public Services,Government & Public Services,12064,Community and Government > Government Building,Community and Government , Government Building,0.553,Low,Low similarity score
freight_forwarding_agency,Government & Public Services,Government & Public Services,11001,Business and Professional Services > Advertising Agency,Business and Professional Services , Advertising Agency,0.558,Low,Low similarity score
armed_forces_branch,Government & Public Services,Government & Public Services,11103,Business and Professional Services > Human Resources Agency,Business and Professional Services , Human Resources Agency,0.585,Low,Low similarity score
estate_liquidation,Government & Public Services,Government & Public Services,19007,Travel and Transportation > Fuel Station,Travel and Transportation , Fuel Station,0.533,Low,Low similarity score
sightseeing_tour_agency,Government & Public Services,Government & Public Services,11107,Business and Professional Services > Insurance Agency,Business and Professional Services , Insurance Agency,0.564,Low,Low similarity score
social_welfare_center,Government & Public Services,Government & Public Services,12098,Community and Government > Spiritual Center,Community and Government , Spiritual Center,0.595,Low,Low similarity score
mohel,Healthcare & Medical,Healthcare & Medical,16026,Landmarks and Outdoors > Monument,Landmarks and Outdoors , Monument,0.462,Low,Low similarity score
cardiologist,Healthcare & Medical,Healthcare & Medical,10007,Arts and Entertainment > Carnival,Arts and Entertainment , Carnival,0.5,Low,Low similarity score
midwife,Healthcare & Medical,Healthcare & Medical,13038,Dining and Drinking > Cidery,Dining and Drinking , Cidery,0.462,Low,Low similarity score
pediatric_surgery,Healthcare & Medical,Healthcare & Medical,15051,Health and Medicine > Podiatrist,Health and Medicine , Podiatrist,0.593,Low,Low similarity score
occupational_medicine,Healthcare & Medical,Healthcare & Medical,11190,Business and Professional Services > Promotional Item Service,Business and Professional Services , Promotional Item Service,0.578,Low,Low similarity score
aromatherapy,Healthcare & Medical,Healthcare & Medical,11068,Business and Professional Services > Laundromat,Business and Professional Services , Laundromat,0.545,Low,Low similarity score
pediatric_orthopedic_surgery,Healthcare & Medical,Healthcare & Medical,11136,Business and Professional Services > Petroleum Supplier,Business and Professional Services , Petroleum Supplier,0.478,Low,Low similarity score
pediatric_pulmonology,Healthcare & Medical,Healthcare & Medical,16040,Landmarks and Outdoors > Pedestrian Plaza,Landmarks and Outdoors , Pedestrian Plaza,0.486,Low,Low similarity score
anesthesiologist,Healthcare & Medical,Healthcare & Medical,15023,Health and Medicine > Nutritionist,Health and Medicine , Nutritionist,0.5,Low,Low similarity score
urologist,Healthcare & Medical,Healthcare & Medical,15023,Health and Medicine > Nutritionist,Health and Medicine , Nutritionist,0.571,Low,Low similarity score
pulmonologist,Healthcare & Medical,Healthcare & Medical,15023,Health and Medicine > Nutritionist,Health and Medicine , Nutritionist,0.48,Low,Low similarity score
halotherapy,Healthcare & Medical,Healthcare & Medical,15026,Health and Medicine > Physical Therapy Clinic,Health and Medicine , Physical Therapy Clinic,0.588,Low,Low similarity score
pediatric_neurology,Healthcare & Medical,Healthcare & Medical,18038,Sports and Recreation > Personal Trainer,Sports and Recreation , Personal Trainer,0.514,Low,Low similarity score
pediatric_radiology,Healthcare & Medical,Healthcare & Medical,15051,Health and Medicine > Podiatrist,Health and Medicine , Podiatrist,0.483,Low,Low similarity score
spine_surgeon,Healthcare & Medical,Healthcare & Medical,17112,Retail > Print Store,Retail , Print Store,0.583,Low,Low similarity score
proctologist,Healthcare & Medical,Healthcare & Medical,15024,Health and Medicine > Optometrist,Health and Medicine , Optometrist,0.522,Low,Low similarity score
gastroenterologist,Healthcare & Medical,Healthcare & Medical,12076,Community and Government > Government Lobbyist,Community and Government , Government Lobbyist,0.541,Low,Low similarity score
hepatologist,Healthcare & Medical,Healthcare & Medical,15051,Health and Medicine > Podiatrist,Health and Medicine , Podiatrist,0.545,Low,Low similarity score
ayurveda,Healthcare & Medical,Healthcare & Medical,10007,Arts and Entertainment > Carnival,Arts and Entertainment , Carnival,0.5,Low,Low similarity score
doula,Healthcare & Medical,Healthcare & Medical,16051,Landmarks and Outdoors > Volcano,Landmarks and Outdoors , Volcano,0.5,Low,Low similarity score
radiologist,Healthcare & Medical,Healthcare & Medical,11144,Business and Professional Services > Radio Station,Business and Professional Services , Radio Station,0.583,Low,Low similarity score
pediatric_gastroenterology,Healthcare & Medical,Healthcare & Medical,10046,Arts and Entertainment > Psychic and Astrologer,Arts and Entertainment , Psychic and Astrologer,0.5,Low,Low similarity score
fertility,Healthcare & Medical,Healthcare & Medical,16025,Landmarks and Outdoors > Memorial Site,Landmarks and Outdoors , Memorial Site,0.545,Low,Low similarity score
oncologist,Healthcare & Medical,Healthcare & Medical,11108,Business and Professional Services > Technology Business > IT Service,Business and Professional Services , Technology Business ,0.483,Low,Low similarity score
retina_specialist,Healthcare & Medical,Healthcare & Medical,11153,Business and Professional Services > Recycling Facility,Business and Professional Services , Recycling Facility,0.571,Low,Low similarity score
psychologist,Healthcare & Medical,Healthcare & Medical,10046,Arts and Entertainment > Psychic and Astrologer,Arts and Entertainment , Psychic and Astrologer,0.529,Low,Low similarity score
traditional_chinese_medicine,Healthcare & Medical,Healthcare & Medical,11190,Business and Professional Services > Promotional Item Service,Business and Professional Services , Promotional Item Service,0.577,Low,Low similarity score
health_retreats,Healthcare & Medical,Healthcare & Medical,15012,Health and Medicine > Home Health Care Service,Health and Medicine , Home Health Care Service,0.564,Low,Low similarity score
occupational_therapy,Healthcare & Medical,Healthcare & Medical,18048,Sports and Recreation > Recreation Center,Sports and Recreation , Recreation Center,0.541,Low,Low similarity score
speech_therapist,Healthcare & Medical,Healthcare & Medical,15024,Health and Medicine > Optometrist,Health and Medicine , Optometrist,0.519,Low,Low similarity score
allergist,Healthcare & Medical,Healthcare & Medical,15051,Health and Medicine > Podiatrist,Health and Medicine , Podiatrist,0.526,Low,Low similarity score
counseling_and_mental_health,Healthcare & Medical,Healthcare & Medical,12000,Community and Government,Community and Government,,0.538,Low,Low similarity score
endocrinologist,Healthcare & Medical,Healthcare & Medical,11108,Business and Professional Services > Technology Business > IT Service,Business and Professional Services , Technology Business ,0.529,Low,Low similarity score
pathologist,Healthcare & Medical,Healthcare & Medical,15051,Health and Medicine > Podiatrist,Health and Medicine , Podiatrist,0.571,Low,Low similarity score
oral_surgeon,Healthcare & Medical,Healthcare & Medical,16025,Landmarks and Outdoors > Memorial Site,Landmarks and Outdoors , Memorial Site,0.56,Low,Low similarity score
rheumatologist,Healthcare & Medical,Healthcare & Medical,12076,Community and Government > Government Lobbyist,Community and Government , Government Lobbyist,0.485,Low,Low similarity score
surgeon,Healthcare & Medical,Healthcare & Medical,11107,Business and Professional Services > Insurance Agency,Business and Professional Services , Insurance Agency,0.522,Low,Low similarity score
orthopedist,Healthcare & Medical,Healthcare & Medical,16015,Landmarks and Outdoors > Forest,Landmarks and Outdoors , Forest,0.588,Low,Low similarity score
sex_therapist,Healthcare & Medical,Healthcare & Medical,16004,Landmarks and Outdoors > Bike Trail,Landmarks and Outdoors , Bike Trail,0.522,Low,Low similarity score
medical_research_and_development,Healthcare & Medical,Healthcare & Medical,12079,Community and Government > Housing Development,Community and Government , Housing Development,0.549,Low,Low similarity score
animal_assisted_therapy,Healthcare & Medical,Healthcare & Medical,12002,Community and Government > Animal Shelter,Community and Government , Animal Shelter,0.595,Low,Low similarity score
ophthalmologist,Healthcare & Medical,Healthcare & Medical,15024,Health and Medicine > Optometrist,Health and Medicine , Optometrist,0.538,Low,Low similarity score
neuropathologist,Healthcare & Medical,Healthcare & Medical,15024,Health and Medicine > Optometrist,Health and Medicine , Optometrist,0.519,Low,Low similarity score
toxicologist,Healthcare & Medical,Healthcare & Medical,11108,Business and Professional Services > Technology Business > IT Service,Business and Professional Services , Technology Business ,0.516,Low,Low similarity score
hypnosis_hypnotherapy,Healthcare & Medical,Healthcare & Medical,15026,Health and Medicine > Physical Therapy Clinic,Health and Medicine , Physical Therapy Clinic,0.545,Low,Low similarity score
pediatric_oncology,Healthcare & Medical,Healthcare & Medical,11121,Business and Professional Services > Media Agency,Business and Professional Services , Media Agency,0.533,Low,Low similarity score
cryotherapy,Healthcare & Medical,Healthcare & Medical,13037,Dining and Drinking > Cafeteria,Dining and Drinking , Cafeteria,0.5,Low,Low similarity score
hematology,Healthcare & Medical,Healthcare & Medical,12081,Community and Government > Observatory,Community and Government , Observatory,0.476,Low,Low similarity score
clinical_laboratories,Healthcare & Medical,Healthcare & Medical,11109,Business and Professional Services > Laboratory,Business and Professional Services , Laboratory,0.581,Low,Low similarity score
audiologist,Healthcare & Medical,Healthcare & Medical,11007,Business and Professional Services > Auditorium,Business and Professional Services , Auditorium,0.571,Low,Low similarity score
health_spa,Healthcare & Medical,Healthcare & Medical,11039,Business and Professional Services > Event Space,Business and Professional Services , Event Space,0.571,Low,Low similarity score
marriage_or_relationship_counselor,Healthcare & Medical,Healthcare & Medical,11023,Business and Professional Services > Career Counselor,Business and Professional Services , Career Counselor,0.52,Low,Low similarity score
pediatric_cardiology,Healthcare & Medical,Healthcare & Medical,10046,Arts and Entertainment > Psychic and Astrologer,Arts and Entertainment , Psychic and Astrologer,0.476,Low,Low similarity score
nephrologist,Healthcare & Medical,Healthcare & Medical,15023,Health and Medicine > Nutritionist,Health and Medicine , Nutritionist,0.5,Low,Low similarity score
dialysis_clinic,Healthcare & Medical,Healthcare & Medical,15015,Health and Medicine > Maternity Clinic,Health and Medicine , Maternity Clinic,0.581,Low,Low similarity score
immunodermatologist,Healthcare & Medical,Healthcare & Medical,12076,Community and Government > Government Lobbyist,Community and Government , Government Lobbyist,0.526,Low,Low similarity score
pediatric_nephrology,Healthcare & Medical,Healthcare & Medical,16040,Landmarks and Outdoors > Pedestrian Plaza,Landmarks and Outdoors , Pedestrian Plaza,0.5,Low,Low similarity score
concierge_medicine,Healthcare & Medical,Healthcare & Medical,15052,Health and Medicine > Sports Medicine Clinic,Health and Medicine , Sports Medicine Clinic,0.55,Low,Low similarity score
skilled_nursing,Healthcare & Medical,Healthcare & Medical,10048,Arts and Entertainment > Roller Rink,Arts and Entertainment , Roller Rink,0.538,Low,Low similarity score
hydrotherapy,Healthcare & Medical,Healthcare & Medical,15026,Health and Medicine > Physical Therapy Clinic,Health and Medicine , Physical Therapy Clinic,0.514,Low,Low similarity score
massage_therapy,Healthcare & Medical,Healthcare & Medical,12003,Community and Government > Cemetery,Community and Government , Cemetery,0.522,Low,Low similarity score
cardiovascular_and_thoracic_surgeon,Healthcare & Medical,Healthcare & Medical,17082,Retail > Furniture and Home Store,Retail , Furniture and Home Store,0.508,Low,Low similarity score
psychotherapist,Healthcare & Medical,Healthcare & Medical,15051,Health and Medicine > Podiatrist,Health and Medicine , Podiatrist,0.56,Low,Low similarity score
laser_eye_surgery_lasik,Healthcare & Medical,Healthcare & Medical,10022,Arts and Entertainment > Laser Tag Center,Arts and Entertainment , Laser Tag Center,0.462,Low,Low similarity score
obstetrician_and_gynecologist,Healthcare & Medical,Healthcare & Medical,16020,Landmarks and Outdoors > Historic and Protected Site,Landmarks and Outdoors , Historic and Protected Site,0.5,Low,Low similarity score
naturopathic_holistic,Healthcare & Medical,Healthcare & Medical,17082,Retail > Furniture and Home Store,Retail , Furniture and Home Store,0.444,Low,Low similarity score
pediatric_anesthesiology,Healthcare & Medical,Healthcare & Medical,15051,Health and Medicine > Podiatrist,Health and Medicine , Podiatrist,0.529,Low,Low similarity score
child_psychiatrist,Healthcare & Medical,Healthcare & Medical,15051,Health and Medicine > Podiatrist,Health and Medicine , Podiatrist,0.571,Low,Low similarity score
pediatric_endocrinology,Healthcare & Medical,Healthcare & Medical,11121,Business and Professional Services > Media Agency,Business and Professional Services , Media Agency,0.514,Low,Low similarity score
neurotologist,Healthcare & Medical,Healthcare & Medical,15023,Health and Medicine > Nutritionist,Health and Medicine , Nutritionist,0.56,Low,Low similarity score
carpet_cleaning,Home & Garden Services,Home & Garden Services,15011,Health and Medicine > Healthcare Clinic,Health and Medicine , Healthcare Clinic,0.562,Low,Low similarity score
junk_removal_and_hauling,Home & Garden Services,Home & Garden Services,11186,Business and Professional Services > Market Research and Consulting Service,Business and Professional Services , Market Research and Consulting Service,0.484,Low,Low similarity score
pressure_washing,Home & Garden Services,Home & Garden Services,13026,Dining and Drinking > Restaurant > BBQ Joint,Dining and Drinking , Restaurant ,0.538,Low,Low similarity score
indoor_landscaping,Home & Garden Services,Home & Garden Services,18035,Sports and Recreation > Indoor Play Area,Sports and Recreation , Indoor Play Area,0.588,Low,Low similarity score
handyman,Home & Garden Services,Home & Garden Services,11068,Business and Professional Services > Laundromat,Business and Professional Services , Laundromat,0.556,Low,Low similarity score
solar_panel_cleaning,Home & Garden Services,Home & Garden Services,18000,Sports and Recreation,Sports and Recreation,,0.537,Low,Low similarity score
movers,Home & Garden Services,Home & Garden Services,16043,Landmarks and Outdoors > River,Landmarks and Outdoors , River,0.545,Low,Low similarity score
patio_covers,Home & Garden Services,Home & Garden Services,10034,Arts and Entertainment > Party Center,Arts and Entertainment , Party Center,0.583,Low,Low similarity score
dry_cleaning,Home & Garden Services,Home & Garden Services,19004,Travel and Transportation > Border Crossing,Travel and Transportation , Border Crossing,0.519,Low,Low similarity score
landscaping,Home & Garden Services,Home & Garden Services,19009,Travel and Transportation > Lodging,Travel and Transportation , Lodging,0.556,Low,Low similarity score
pool_cleaning,Home & Garden Services,Home & Garden Services,10045,Arts and Entertainment > Pool Hall,Arts and Entertainment , Pool Hall,0.545,Low,Low similarity score
window_washing,Home & Garden Services,Home & Garden Services,16021,Landmarks and Outdoors > Hot Spring,Landmarks and Outdoors , Hot Spring,0.5,Low,Low similarity score
home_cleaning,Home & Garden Services,Home & Garden Services,16021,Landmarks and Outdoors > Hot Spring,Landmarks and Outdoors , Hot Spring,0.522,Low,Low similarity score
occupational_safety,Home & Garden Services,Home & Garden Services,11162,Business and Professional Services > Security and Safety,Business and Professional Services , Security and Safety,0.579,Low,Low similarity score
mining,Manufacturing & Industrial,Manufacturing & Industrial,10018,Arts and Entertainment > Gaming Cafe,Arts and Entertainment , Gaming Cafe,0.471,Low,Low similarity score
oil_and_gas_exploration_and_development,Manufacturing & Industrial,Manufacturing & Industrial,12079,Community and Government > Housing Development,Community and Government , Housing Development,0.552,Low,Low similarity score
book_magazine_distribution,Manufacturing & Industrial,Manufacturing & Industrial,11031,Business and Professional Services > Distribution Center,Business and Professional Services , Distribution Center,0.533,Low,Low similarity score
b2b_rubber_and_plastics,Manufacturing & Industrial,Manufacturing & Industrial,11159,Business and Professional Services > Rubber Supplier,Business and Professional Services , Rubber Supplier,0.526,Low,Low similarity score
coal_and_coke,Manufacturing & Industrial,Manufacturing & Industrial,15000,Health and Medicine,Health and Medicine,,0.562,Low,Low similarity score
iron_work,Manufacturing & Industrial,Manufacturing & Industrial,17034,Retail > Discount Store,Retail , Discount Store,0.522,Low,Low similarity score
mattress_manufacturing,Manufacturing & Industrial,Manufacturing & Industrial,11120,Business and Professional Services > Manufacturer,Business and Professional Services , Manufacturer,0.588,Low,Low similarity score
scrap_metals,Manufacturing & Industrial,Manufacturing & Industrial,17000,Retail,Retail,,0.556,Low,Low similarity score
business_manufacturing_and_supply,Manufacturing & Industrial,Manufacturing & Industrial,11021,Business and Professional Services > Business Center,Business and Professional Services , Business Center,0.5,Low,Low similarity score
environmental_renewable_natural_resource,Manufacturing & Industrial,Manufacturing & Industrial,11155,Business and Professional Services > Renewable Energy Service,Business and Professional Services , Renewable Energy Service,0.5,Low,Low similarity score
oil_and_gas,Manufacturing & Industrial,Manufacturing & Industrial,16022,Landmarks and Outdoors > Island,Landmarks and Outdoors , Island,0.588,Low,Low similarity score
plastic_fabrication_company,Manufacturing & Industrial,Manufacturing & Industrial,12115,Community and Government > Utility Company,Community and Government , Utility Company,0.571,Low,Low similarity score
iron_and_steel_industry,Manufacturing & Industrial,Manufacturing & Industrial,16020,Landmarks and Outdoors > Historic and Protected Site,Landmarks and Outdoors , Historic and Protected Site,0.52,Low,Low similarity score
sheet_metal,Manufacturing & Industrial,Manufacturing & Industrial,17039,Retail > Fashion Retail,Retail , Fashion Retail,0.56,Low,Low similarity score
flour_mill,Manufacturing & Industrial,Manufacturing & Industrial,17104,Retail > Outlet Mall,Retail , Outlet Mall,0.571,Low,Low similarity score
steel_fabricators,Manufacturing & Industrial,Manufacturing & Industrial,11109,Business and Professional Services > Laboratory,Business and Professional Services , Laboratory,0.593,Low,Low similarity score
environmental_and_ecological_services_for_businesses,Manufacturing & Industrial,Manufacturing & Industrial,15018,Health and Medicine > Mental Health Service,Health and Medicine , Mental Health Service,0.493,Low,Low similarity score
screen_printing_t_shirt_printing,Manufacturing & Industrial,Manufacturing & Industrial,13000,Dining and Drinking,Dining and Drinking,,0.51,Low,Low similarity score
environmental_testing,Manufacturing & Industrial,Manufacturing & Industrial,12064,Community and Government > Government Building,Community and Government , Government Building,0.55,Low,Low similarity score
paper_mill,Manufacturing & Industrial,Manufacturing & Industrial,11132,Business and Professional Services > Paper Supplier,Business and Professional Services , Paper Supplier,0.583,Low,Low similarity score
wallpaper_installers,Manufacturing & Industrial,Manufacturing & Industrial,11132,Business and Professional Services > Paper Supplier,Business and Professional Services , Paper Supplier,0.529,Low,Low similarity score
commercial_industrial,Manufacturing & Industrial,Manufacturing & Industrial,16025,Landmarks and Outdoors > Memorial Site,Landmarks and Outdoors , Memorial Site,0.529,Low,Low similarity score
metal_materials_and_experts,Manufacturing & Industrial,Manufacturing & Industrial,15018,Health and Medicine > Mental Health Service,Health and Medicine , Mental Health Service,0.5,Low,Low similarity score
b2b_oil_and_gas_extraction_and_services,Manufacturing & Industrial,Manufacturing & Industrial,11000,Business and Professional Services,Business and Professional Services,,0.575,Low,Low similarity score
media_news_website,Media & Communications,Media & Communications,16025,Landmarks and Outdoors > Memorial Site,Landmarks and Outdoors , Memorial Site,0.581,Low,Low similarity score
mass_media,Media & Communications,Media & Communications,12117,Community and Government > Assisted Living,Community and Government , Assisted Living,0.48,Low,Low similarity score
shades_and_blinds,Other Services,Other Services,16061,Landmarks and Outdoors > States and Municipalities,Landmarks and Outdoors , States and Municipalities,0.571,Low,Low similarity score
tabletop_games,Other Services,Other Services,19065,Travel and Transportation > Cable Car,Travel and Transportation , Cable Car,0.522,Low,Low similarity score
books_mags_music_and_video,Other Services,Other Services,12000,Community and Government,Community and Government,,0.48,Low,Low similarity score
gemstone_and_mineral,Other Services,Other Services,15000,Health and Medicine,Health and Medicine,,0.564,Low,Low similarity score
infectious_disease_specialist,Other Services,Other Services,11154,Business and Professional Services > Refrigeration and Ice Supplier,Business and Professional Services , Refrigeration and Ice Supplier,0.475,Low,Low similarity score
oil_refiners,Other Services,Other Services,18038,Sports and Recreation > Personal Trainer,Sports and Recreation , Personal Trainer,0.571,Low,Low similarity score
information_technology_company,Other Services,Other Services,12115,Community and Government > Utility Company,Community and Government , Utility Company,0.533,Low,Low similarity score
ear_nose_and_throat,Other Services,Healthcare & Medical,10000,Arts and Entertainment,Arts and Entertainment,,0.585,Low,Low similarity score
scientific_laboratories,Other Services,Healthcare & Medical,11192,Business and Professional Services > Research Laboratory,Business and Professional Services , Research Laboratory,0.571,Low,Low similarity score
teeth_whitening,Other Services,Healthcare & Medical,12117,Community and Government > Assisted Living,Community and Government , Assisted Living,0.467,Low,Low similarity score
jazz_and_blues,Other Services,Arts & Entertainment,11061,Business and Professional Services > Health and Beauty Service,Business and Professional Services , Health and Beauty Service,0.462,Low,Low similarity score
paint_your_own_pottery,Other Services,Other Services,19064,Travel and Transportation > Boat or Ferry,Travel and Transportation , Boat or Ferry,0.514,Low,Low similarity score
safety_equipment,Other Services,Other Services,11105,Business and Professional Services > Industrial Equipment Supplier,Business and Professional Services , Industrial Equipment Supplier,0.533,Low,Low similarity score
prosthodontist,Other Services,Healthcare & Medical,15051,Health and Medicine > Podiatrist,Health and Medicine , Podiatrist,0.583,Low,Low similarity score
feng_shui,Other Services,Home & Garden Services,17015,Retail > Betting Shop,Retail , Betting Shop,0.571,Low,Low similarity score
holiday_decor,Other Services,Home & Garden Services,11179,Business and Professional Services > Wholesaler,Business and Professional Services , Wholesaler,0.522,Low,Low similarity score
bulk_billing,Other Services,Other Services,15005,Health and Medicine > Blood Bank,Health and Medicine , Blood Bank,0.455,Low,Low similarity score
vitamins_and_supplements,Other Services,Other Services,11154,Business and Professional Services > Refrigeration and Ice Supplier,Business and Professional Services , Refrigeration and Ice Supplier,0.556,Low,Low similarity score
fidelity_and_surety_bonds,Other Services,Financial Services,11162,Business and Professional Services > Security and Safety,Business and Professional Services , Security and Safety,0.591,Low,Low similarity score
genealogists,Other Services,Other Services,18029,Sports and Recreation > Gymnastics,Sports and Recreation , Gymnastics,0.545,Low,Low similarity score
family_practice,Other Services,Healthcare & Medical,11042,Business and Professional Services > Financial Service,Business and Professional Services , Financial Service,0.562,Low,Low similarity score
wine_tasting_room,Other Services,Other Services,15022,Health and Medicine > Nursing Home,Health and Medicine , Nursing Home,0.552,Low,Low similarity score
private_jet_charters,Other Services,Other Services,10020,Arts and Entertainment > Internet Cafe,Arts and Entertainment , Internet Cafe,0.545,Low,Low similarity score
active_life,Other Services,Healthcare & Medical,11184,Business and Professional Services > Creative Service,Business and Professional Services , Creative Service,0.593,Low,Low similarity score
hearing_aids,Other Services,Healthcare & Medical,16019,Landmarks and Outdoors > Hiking Trail,Landmarks and Outdoors , Hiking Trail,0.583,Low,Low similarity score
embroidery_and_crochet,Other Services,Other Services,11162,Business and Professional Services > Security and Safety,Business and Professional Services , Security and Safety,0.537,Low,Low similarity score
olive_oil,Other Services,Other Services,16013,Landmarks and Outdoors > Dive Spot,Landmarks and Outdoors , Dive Spot,0.556,Low,Low similarity score
quay,Other Services,Other Services,16002,Landmarks and Outdoors > Bay,Landmarks and Outdoors , Bay,0.571,Low,Low similarity score
plasterer,Other Services,Other Services,19022,Travel and Transportation > Platform,Travel and Transportation , Platform,0.588,Low,Low similarity score
sleep_specialist,Other Services,Healthcare & Medical,11110,Business and Professional Services > Leather Supplier,Business and Professional Services , Leather Supplier,0.5,Low,Low similarity score
artificial_turf,Other Services,Other Services,11003,Business and Professional Services > Architecture Firm,Business and Professional Services , Architecture Firm,0.5,Low,Low similarity score
countertop_installation,Other Services,Construction & Contractors,19007,Travel and Transportation > Fuel Station,Travel and Transportation , Fuel Station,0.571,Low,Low similarity score
gold_buyer,Other Services,Other Services,13052,Dining and Drinking > Food Court,Dining and Drinking , Food Court,0.5,Low,Low similarity score
motor_freight_trucking,Other Services,Other Services,13054,Dining and Drinking > Food Truck,Dining and Drinking , Food Truck,0.5,Low,Low similarity score
kitchen_and_bath,Other Services,Construction & Contractors,11162,Business and Professional Services > Security and Safety,Business and Professional Services , Security and Safety,0.514,Low,Low similarity score
hearing_aid_provider,Other Services,Healthcare & Medical,11178,Business and Professional Services > Welding Service,Business and Professional Services , Welding Service,0.514,Low,Low similarity score
skylight_installation,Other Services,Construction & Contractors,11173,Business and Professional Services > TV Station,Business and Professional Services , TV Station,0.581,Low,Low similarity score
prosthetics,Other Services,Healthcare & Medical,17030,Retail > Cosmetics Store,Retail , Cosmetics Store,0.538,Low,Low similarity score
tui_na,Other Services,Other Services,18081,Sports and Recreation > Sauna,Sports and Recreation , Sauna,0.545,Low,Low similarity score
shutters,Other Services,Other Services,17131,Retail > Stationery Store,Retail , Stationery Store,0.5,Low,Low similarity score
radio_and_television_commercials,Other Services,Other Services,11189,"Business and Professional Services > Print, TV, Radio and Outdoor Advertising Service",Business and Professional Services ," Print, TV, Radio and Outdoor Advertising Service",0.5,Low,Low similarity score
private_equity_firm,Other Services,Financial Services,11003,Business and Professional Services > Architecture Firm,Business and Professional Services , Architecture Firm,0.556,Low,Low similarity score
holding_companies,Other Services,Other Services,11123,Business and Professional Services > Mobile Company,Business and Professional Services , Mobile Company,0.581,Low,Low similarity score
interlock_system,Other Services,Other Services,19057,Travel and Transportation > Truck Stop,Travel and Transportation , Truck Stop,0.538,Low,Low similarity score
cheerleading,Other Services,Other Services,19009,Travel and Transportation > Lodging,Travel and Transportation , Lodging,0.526,Low,Low similarity score
phlebologist,Other Services,Other Services,17018,Retail > Bookstore,Retail , Bookstore,0.476,Low,Low similarity score
private_investigation,Other Services,Other Services,11144,Business and Professional Services > Radio Station,Business and Professional Services , Radio Station,0.588,Low,Low similarity score
tower,Other Services,Other Services,11166,Business and Professional Services > Tailor,Business and Professional Services , Tailor,0.545,Low,Low similarity score
paint_and_sip,Other Services,Other Services,17108,Retail > Pawn Shop,Retail , Pawn Shop,0.545,Low,Low similarity score
pool_and_billiards,Other Services,Other Services,10045,Arts and Entertainment > Pool Hall,Arts and Entertainment , Pool Hall,0.593,Low,Low similarity score
geriatric_psychiatry,Other Services,Healthcare & Medical,16060,Landmarks and Outdoors > Picnic Shelter,Landmarks and Outdoors , Picnic Shelter,0.471,Low,Low similarity score
surgical_appliances_and_supplies,Other Services,Healthcare & Medical,16061,Landmarks and Outdoors > States and Municipalities,Landmarks and Outdoors , States and Municipalities,0.526,Low,Low similarity score
drinking_water_dispenser,Other Services,Other Services,17143,Retail > Marijuana Dispensary,Retail , Marijuana Dispensary,0.591,Low,Low similarity score
computer_hardware_company,Other Services,Other Services,11027,Business and Professional Services > Computer Repair Service,Business and Professional Services , Computer Repair Service,0.542,Low,Low similarity score
session_photography,Other Services,Arts & Entertainment,11137,Business and Professional Services > Photography Service,Business and Professional Services , Photography Service,0.579,Low,Low similarity score
props,Other Services,Other Services,12090,Community and Government > Prison,Community and Government , Prison,0.545,Low,Low similarity score
osteopath,Other Services,Healthcare & Medical,12081,Community and Government > Observatory,Community and Government , Observatory,0.5,Low,Low similarity score
knife_sharpening,Other Services,Other Services,17002,Retail > Antique Store,Retail , Antique Store,0.483,Low,Low similarity score
baby_gear_and_furniture,Other Services,Other Services,17138,Retail > Vintage and Thrift Store,Retail , Vintage and Thrift Store,0.511,Low,Low similarity score
pets,Other Services,Other Services,15007,Health and Medicine > Dentist,Health and Medicine , Dentist,0.545,Low,Low similarity score
irrigation,Other Services,Other Services,12082,Community and Government > Organization,Community and Government , Organization,0.545,Low,Low similarity score
hot_tubs_and_pools,Other Services,Other Services,16061,Landmarks and Outdoors > States and Municipalities,Landmarks and Outdoors , States and Municipalities,0.512,Low,Low similarity score
behavior_analyst,Other Services,Other Services,16018,Landmarks and Outdoors > Harbor or Marina,Landmarks and Outdoors , Harbor or Marina,0.5,Low,Low similarity score
irrigation_companies,Other Services,Other Services,18048,Sports and Recreation > Recreation Center,Sports and Recreation , Recreation Center,0.595,Low,Low similarity score
pharmaceutical_companies,Other Services,Other Services,12115,Community and Government > Utility Company,Community and Government , Utility Company,0.564,Low,Low similarity score
holiday_decorating,Other Services,Other Services,18000,Sports and Recreation,Sports and Recreation,,0.513,Low,Low similarity score
hydro_jetting,Other Services,Other Services,11144,Business and Professional Services > Radio Station,Business and Professional Services , Radio Station,0.538,Low,Low similarity score
psychoanalyst,Other Services,Healthcare & Medical,10046,Arts and Entertainment > Psychic and Astrologer,Arts and Entertainment , Psychic and Astrologer,0.571,Low,Low similarity score
endoscopist,Other Services,Healthcare & Medical,15007,Health and Medicine > Dentist,Health and Medicine , Dentist,0.556,Low,Low similarity score
orthotics,Other Services,Healthcare & Medical,15013,Health and Medicine > Hospice,Health and Medicine , Hospice,0.5,Low,Low similarity score
chocolatier,Other Services,Other Services,11179,Business and Professional Services > Wholesaler,Business and Professional Services , Wholesaler,0.571,Low,Low similarity score
home_decor,Other Services,Other Services,13061,Dining and Drinking > Meadery,Dining and Drinking , Meadery,0.588,Low,Low similarity score
diagnostic_imaging,Other Services,Healthcare & Medical,11121,Business and Professional Services > Media Agency,Business and Professional Services , Media Agency,0.467,Low,Low similarity score
bookbinding,Other Services,Other Services,19009,Travel and Transportation > Lodging,Travel and Transportation , Lodging,0.556,Low,Low similarity score
chambers_of_commerce,Other Services,Other Services,11023,Business and Professional Services > Career Counselor,Business and Professional Services , Career Counselor,0.5,Low,Low similarity score
macarons,Other Services,Other Services,16008,Landmarks and Outdoors > Campground,Landmarks and Outdoors , Campground,0.556,Low,Low similarity score
skyscraper,Other Services,Other Services,10015,Arts and Entertainment > Escape Room,Arts and Entertainment , Escape Room,0.571,Low,Low similarity score
grilling_equipment,Other Services,Other Services,11032,Business and Professional Services > Electrical Equipment Supplier,Business and Professional Services , Electrical Equipment Supplier,0.553,Low,Low similarity score
mobile_phone_accessories,Other Services,Other Services,10024,Arts and Entertainment > Movie Theater,Arts and Entertainment , Movie Theater,0.541,Low,Low similarity score
aircraft_parts_and_supplies,Other Services,Other Services,11154,Business and Professional Services > Refrigeration and Ice Supplier,Business and Professional Services , Refrigeration and Ice Supplier,0.561,Low,Low similarity score
calligraphy,Other Services,Other Services,12080,Community and Government > Library,Community and Government , Library,0.556,Low,Low similarity score
memory_care,Other Services,Other Services,16025,Landmarks and Outdoors > Memorial Site,Landmarks and Outdoors , Memorial Site,0.583,Low,Low similarity score
sugar_shack,Other Services,Other Services,10019,Arts and Entertainment > Go Kart Track,Arts and Entertainment , Go Kart Track,0.583,Low,Low similarity score
club_crawl,Other Services,Other Services,19065,Travel and Transportation > Cable Car,Travel and Transportation , Cable Car,0.526,Low,Low similarity score
home_security,Other Services,Other Services,12077,Community and Government > Homeless Shelter,Community and Government , Homeless Shelter,0.552,Low,Low similarity score
blueprinters,Other Services,Other Services,17112,Retail > Print Store,Retail , Print Store,0.522,Low,Low similarity score
funeral_services_and_cemeteries,Other Services,Other Services,10022,Arts and Entertainment > Laser Tag Center,Arts and Entertainment , Laser Tag Center,0.511,Low,Low similarity score
lighting_fixtures_and_equipment,Other Services,Other Services,11161,Business and Professional Services > Scientific Equipment Supplier,Business and Professional Services , Scientific Equipment Supplier,0.5,Low,Low similarity score
campus_building,Other Services,Other Services,12064,Community and Government > Government Building,Community and Government , Government Building,0.588,Low,Low similarity score
immigration_and_naturalization,Other Services,Government & Public Services,11154,Business and Professional Services > Refrigeration and Ice Supplier,Business and Professional Services , Refrigeration and Ice Supplier,0.533,Low,Low similarity score
wills_trusts_and_probate,Other Services,Other Services,18000,Sports and Recreation,Sports and Recreation,,0.533,Low,Low similarity score
gunsmith,Other Services,Other Services,11115,Business and Professional Services > Locksmith,Business and Professional Services , Locksmith,0.588,Low,Low similarity score
glass_blowing,Other Services,Other Services,12117,Community and Government > Assisted Living,Community and Government , Assisted Living,0.571,Low,Low similarity score
colonics,Other Services,Healthcare & Medical,10009,Arts and Entertainment > Circus,Arts and Entertainment , Circus,0.571,Low,Low similarity score
customized_merchandise,Other Services,Other Services,11009,Business and Professional Services > Automotive Service,Business and Professional Services , Automotive Service,0.55,Low,Low similarity score
commercial_refrigeration,Other Services,Other Services,18000,Sports and Recreation,Sports and Recreation,,0.578,Low,Low similarity score
reflexology,Other Services,Other Services,19056,Travel and Transportation > Travel Lounge,Travel and Transportation , Travel Lounge,0.5,Low,Low similarity score
bicycle_path,Other Services,Other Services,10047,Arts and Entertainment > Public Art,Arts and Entertainment , Public Art,0.545,Low,Low similarity score
caricature,Other Services,Other Services,11003,Business and Professional Services > Architecture Firm,Business and Professional Services , Architecture Firm,0.593,Low,Low similarity score
kitchen_incubator,Other Services,Other Services,13059,Dining and Drinking > Juice Bar,Dining and Drinking , Juice Bar,0.538,Low,Low similarity score
machine_and_tool_rentals,Other Services,Other Services,17023,Retail > Computers and Electronics Retail,Retail , Computers and Electronics Retail,0.536,Low,Low similarity score
driving_school,Other Services,Other Services,10050,Arts and Entertainment > Samba School,Arts and Entertainment , Samba School,0.538,Low,Low similarity score
sand_dune,Parks & Natural Features,Parks & Natural Features,18081,Sports and Recreation > Sauna,Sports and Recreation , Sauna,0.571,Low,Low similarity score
wildlife_control,Parks & Natural Features,Parks & Natural Features,17101,Retail > Garden Center,Retail , Garden Center,0.483,Low,Low similarity score
wildlife_sanctuary,Parks & Natural Features,Parks & Natural Features,17137,Retail > Video Store,Retail , Video Store,0.483,Low,Low similarity score
matchmaker,Personal Services,Personal Services,10003,Arts and Entertainment > Arcade,Arts and Entertainment , Arcade,0.5,Low,Low similarity score
engraving,Personal Services,Personal Services,11034,Business and Professional Services > Engineer,Business and Professional Services , Engineer,0.588,Low,Low similarity score
pet_breeder,Pet Services,Pet Services,13029,Dining and Drinking > Brewery,Dining and Drinking , Brewery,0.556,Low,Low similarity score
dog_walkers,Pet Services,Pet Services,10006,Arts and Entertainment > Bowling Alley,Arts and Entertainment , Bowling Alley,0.5,Low,Low similarity score
appellate_practice_lawyers,Professional Services,Professional Services,11117,Business and Professional Services > Lottery Retailer,Business and Professional Services , Lottery Retailer,0.476,Low,Low similarity score
divorce_and_family_law,Professional Services,Professional Services,15017,Health and Medicine > Medical Lab,Health and Medicine , Medical Lab,0.485,Low,Low similarity score
traffic_ticketing_law,Professional Services,Professional Services,19006,Travel and Transportation > Electric Vehicle Charging Station,Travel and Transportation , Electric Vehicle Charging Station,0.481,Low,Low similarity score
civil_rights_lawyers,Professional Services,Professional Services,16024,Landmarks and Outdoors > Lighthouse,Landmarks and Outdoors , Lighthouse,0.467,Low,Low similarity score
workers_compensation_law,Professional Services,Professional Services,18000,Sports and Recreation,Sports and Recreation,,0.489,Low,Low similarity score
dui_law,Professional Services,Professional Services,15017,Health and Medicine > Medical Lab,Health and Medicine , Medical Lab,0.556,Low,Low similarity score
web_designer,Professional Services,Professional Services,13387,Dining and Drinking > Winery,Dining and Drinking , Winery,0.556,Low,Low similarity score
bookkeeper,Professional Services,Professional Services,17018,Retail > Bookstore,Retail , Bookstore,0.526,Low,Low similarity score
graphic_designer,Professional Services,Professional Services,10046,Arts and Entertainment > Psychic and Astrologer,Arts and Entertainment , Psychic and Astrologer,0.526,Low,Low similarity score
criminal_defense_law,Professional Services,Professional Services,17143,Retail > Marijuana Dispensary,Retail , Marijuana Dispensary,0.5,Low,Low similarity score
tax_law,Professional Services,Professional Services,19027,Travel and Transportation > Toll Plaza,Travel and Transportation , Toll Plaza,0.471,Low,Low similarity score
patent_law,Professional Services,Professional Services,19003,Travel and Transportation > Boat Rental,Travel and Transportation , Boat Rental,0.571,Low,Low similarity score
product_design,Professional Services,Professional Services,12009,Community and Government > Education,Community and Government , Education,0.522,Low,Low similarity score
law_enforcement,Professional Services,Professional Services,19022,Travel and Transportation > Platform,Travel and Transportation , Platform,0.522,Low,Low similarity score
business_records_storage_and_management,Professional Services,Professional Services,11021,Business and Professional Services > Business Center,Business and Professional Services , Business Center,0.481,Low,Low similarity score
tenant_and_eviction_law,Professional Services,Professional Services,18000,Sports and Recreation,Sports and Recreation,,0.545,Low,Low similarity score
manufacturing_and_industrial_consultant,Professional Services,Professional Services,11106,Business and Professional Services > Industrial Estate,Business and Professional Services , Industrial Estate,0.536,Low,Low similarity score
bankruptcy_law,Professional Services,Professional Services,13002,Dining and Drinking > Bakery,Dining and Drinking , Bakery,0.5,Low,Low similarity score
property_management,Professional Services,Professional Services,11175,Business and Professional Services > Waste Management Service,Business and Professional Services , Waste Management Service,0.558,Low,Low similarity score
b2b_cleaning_and_waste_management,Professional Services,Professional Services,11175,Business and Professional Services > Waste Management Service,Business and Professional Services , Waste Management Service,0.561,Low,Low similarity score
interior_design,Professional Services,Professional Services,15054,Health and Medicine > Veterinarian,Health and Medicine , Veterinarian,0.519,Low,Low similarity score
exterior_design,Professional Services,Professional Services,15054,Health and Medicine > Veterinarian,Health and Medicine , Veterinarian,0.593,Low,Low similarity score
immigration_law,Professional Services,Professional Services,16019,Landmarks and Outdoors > Hiking Trail,Landmarks and Outdoors , Hiking Trail,0.519,Low,Low similarity score
landscape_architect,Professional Services,Professional Services,11003,Business and Professional Services > Architecture Firm,Business and Professional Services , Architecture Firm,0.5,Low,Low similarity score
executive_search_consultants,Professional Services,Professional Services,11119,Business and Professional Services > Management Consultant,Business and Professional Services , Management Consultant,0.571,Low,Low similarity score
disability_law,Professional Services,Professional Services,15017,Health and Medicine > Medical Lab,Health and Medicine , Medical Lab,0.56,Low,Low similarity score
estate_planning_law,Professional Services,Professional Services,16040,Landmarks and Outdoors > Pedestrian Plaza,Landmarks and Outdoors , Pedestrian Plaza,0.514,Low,Low similarity score
commercial_real_estate,Real Estate,Real Estate,16025,Landmarks and Outdoors > Memorial Site,Landmarks and Outdoors , Memorial Site,0.571,Low,Low similarity score
episcopal_church,Religious & Spiritual,Religious & Spiritual,10014,Arts and Entertainment > Disc Golf Course,Arts and Entertainment , Disc Golf Course,0.562,Low,Low similarity score
pentecostal_church,Religious & Spiritual,Religious & Spiritual,11037,Business and Professional Services > Equipment Rental Service,Business and Professional Services , Equipment Rental Service,0.476,Low,Low similarity score
church_cathedral,Religious & Spiritual,Religious & Spiritual,13037,Dining and Drinking > Cafeteria,Dining and Drinking , Cafeteria,0.48,Low,Low similarity score
synagogue,Religious & Spiritual,Religious & Spiritual,15022,Health and Medicine > Nursing Home,Health and Medicine , Nursing Home,0.476,Low,Low similarity score
catholic_church,Religious & Spiritual,Religious & Spiritual,19065,Travel and Transportation > Cable Car,Travel and Transportation , Cable Car,0.5,Low,Low similarity score
jehovahs_witness_kingdom_hall,Religious & Spiritual,Religious & Spiritual,11177,Business and Professional Services > Wedding Hall,Business and Professional Services , Wedding Hall,0.439,Low,Low similarity score
religious_items,Religious & Spiritual,Religious & Spiritual,16024,Landmarks and Outdoors > Lighthouse,Landmarks and Outdoors , Lighthouse,0.56,Low,Low similarity score
mosque,Religious & Spiritual,Religious & Spiritual,16026,Landmarks and Outdoors > Monument,Landmarks and Outdoors , Monument,0.571,Low,Low similarity score
sikh_temple,Religious & Spiritual,Religious & Spiritual,13382,Dining and Drinking > Snack Place,Dining and Drinking , Snack Place,0.545,Low,Low similarity score
evangelical_church,Religious & Spiritual,Religious & Spiritual,11060,Business and Professional Services > Geological Service,Business and Professional Services , Geological Service,0.5,Low,Low similarity score
buddhist_temple,Religious & Spiritual,Religious & Spiritual,16029,Landmarks and Outdoors > Nudist Beach,Landmarks and Outdoors , Nudist Beach,0.519,Low,Low similarity score
hindu_temple,Religious & Spiritual,Religious & Spiritual,12008,Community and Government > Dump,Community and Government , Dump,0.5,Low,Low similarity score
baptist_church,Religious & Spiritual,Religious & Spiritual,15002,Health and Medicine > AIDS Resource,Health and Medicine , AIDS Resource,0.519,Low,Low similarity score
anglican_church,Religious & Spiritual,Religious & Spiritual,10049,Arts and Entertainment > Salsa Club,Arts and Entertainment , Salsa Club,0.48,Low,Low similarity score
convents_and_monasteries,Religious & Spiritual,Religious & Spiritual,11000,Business and Professional Services,Business and Professional Services,,0.586,Low,Low similarity score
psychic_medium,Religious & Spiritual,Religious & Spiritual,10046,Arts and Entertainment > Psychic and Astrologer,Arts and Entertainment , Psychic and Astrologer,0.5,Low,Low similarity score
home_theater_systems_stores,Retail & Shopping,Retail & Shopping,17093,Retail > Leather Goods Store,Retail , Leather Goods Store,0.565,Low,Low similarity score
kiosk,Retail & Shopping,Retail & Shopping,16024,Landmarks and Outdoors > Lighthouse,Landmarks and Outdoors , Lighthouse,0.4,Low,Low similarity score
childrens_clothing_store,Retail & Shopping,Retail & Shopping,17092,Retail > Knitting Store,Retail , Knitting Store,0.579,Low,Low similarity score
fur_clothing,Retail & Shopping,Retail & Shopping,19009,Travel and Transportation > Lodging,Travel and Transportation , Lodging,0.526,Low,Low similarity score
b2b_apparel,Retail & Shopping,Retail & Shopping,11181,Business and Professional Services > Appraiser,Business and Professional Services , Appraiser,0.5,Low,Low similarity score
plus_size_clothing,Retail & Shopping,Retail & Shopping,12117,Community and Government > Assisted Living,Community and Government , Assisted Living,0.545,Low,Low similarity score
tire_repair_shop,Retail & Shopping,Retail & Shopping,11164,Business and Professional Services > Shoe Repair Service,Business and Professional Services , Shoe Repair Service,0.571,Low,Low similarity score
japanese_confectionery_shop,Retail & Shopping,Retail & Shopping,17131,Retail > Stationery Store,Retail , Stationery Store,0.512,Low,Low similarity score
ceremonial_clothing,Retail & Shopping,Retail & Shopping,18038,Sports and Recreation > Personal Trainer,Sports and Recreation , Personal Trainer,0.571,Low,Low similarity score
eyewear_and_optician,Retail & Shopping,Retail & Shopping,15000,Health and Medicine,Health and Medicine,,0.564,Low,Low similarity score
gun_and_ammo,Retail & Shopping,Retail & Shopping,18020,Sports and Recreation > Gun Range,Sports and Recreation , Gun Range,0.571,Low,Low similarity score
traditional_clothing,Retail & Shopping,Retail & Shopping,12094,Community and Government > Residential Building,Community and Government , Residential Building,0.55,Low,Low similarity score
used_vintage_and_consignment,Retail & Shopping,Retail & Shopping,12000,Community and Government,Community and Government,,0.538,Low,Low similarity score
newspaper_and_magazines_store,Retail & Shopping,Retail & Shopping,17082,Retail > Furniture and Home Store,Retail , Furniture and Home Store,0.566,Low,Low similarity score
herb_and_spice_shop,Retail & Shopping,Retail & Shopping,11154,Business and Professional Services > Refrigeration and Ice Supplier,Business and Professional Services , Refrigeration and Ice Supplier,0.531,Low,Low similarity score
designer_clothing,Retail & Shopping,Retail & Shopping,19004,Travel and Transportation > Border Crossing,Travel and Transportation , Border Crossing,0.562,Low,Low similarity score
plastic_injection_molding_workshop,Retail & Shopping,Retail & Shopping,11191,Business and Professional Services > Public Relations Firm,Business and Professional Services , Public Relations Firm,0.436,Low,Low similarity score
electronics_repair_shop,Retail & Shopping,Retail & Shopping,17023,Retail > Computers and Electronics Retail,Retail , Computers and Electronics Retail,0.582,Low,Low similarity score
auto_body_shop,Retail & Shopping,Retail & Shopping,13043,Dining and Drinking > Donut Shop,Dining and Drinking , Donut Shop,0.583,Low,Low similarity score
custom_clothing,Retail & Shopping,Retail & Shopping,15001,Health and Medicine > Acupuncture Clinic,Health and Medicine , Acupuncture Clinic,0.485,Low,Low similarity score
ski_and_snowboard_shop,Retail & Shopping,Retail & Shopping,10046,Arts and Entertainment > Psychic and Astrologer,Arts and Entertainment , Psychic and Astrologer,0.5,Low,Low similarity score
rental_kiosks,Retail & Shopping,Retail & Shopping,11156,Business and Professional Services > Rental Service,Business and Professional Services , Rental Service,0.593,Low,Low similarity score
surfing,Sports & Recreation,Sports & Recreation,16021,Landmarks and Outdoors > Hot Spring,Landmarks and Outdoors , Hot Spring,0.588,Low,Low similarity score
archery_range,Sports & Recreation,Sports & Recreation,18020,Sports and Recreation > Gun Range,Sports and Recreation , Gun Range,0.545,Low,Low similarity score
table_tennis_club,Sports & Recreation,Sports & Recreation,10049,Arts and Entertainment > Salsa Club,Arts and Entertainment , Salsa Club,0.593,Low,Low similarity score
kiteboarding,Sports & Recreation,Sports & Recreation,18054,Sports and Recreation > Skating,Sports and Recreation , Skating,0.526,Low,Low similarity score
tennis_court,Sports & Recreation,Sports & Recreation,13052,Dining and Drinking > Food Court,Dining and Drinking , Food Court,0.545,Low,Low similarity score
aerial_tours,Sports & Recreation,Sports & Recreation,16025,Landmarks and Outdoors > Memorial Site,Landmarks and Outdoors , Memorial Site,0.56,Low,Low similarity score
squash_court,Sports & Recreation,Sports & Recreation,10049,Arts and Entertainment > Salsa Club,Arts and Entertainment , Salsa Club,0.545,Low,Low similarity score
snorkeling,Sports & Recreation,Sports & Recreation,18054,Sports and Recreation > Skating,Sports and Recreation , Skating,0.588,Low,Low similarity score
wildlife_hunting_range,Sports & Recreation,Sports & Recreation,18079,Sports and Recreation > Hunting Area,Sports and Recreation , Hunting Area,0.588,Low,Low similarity score
axe_throwing,Sports & Recreation,Sports & Recreation,18054,Sports and Recreation > Skating,Sports and Recreation , Skating,0.526,Low,Low similarity score
badminton_court,Sports & Recreation,Sports & Recreation,10023,Arts and Entertainment > Mini Golf Course,Arts and Entertainment , Mini Golf Course,0.581,Low,Low similarity score
horse_riding,Sports & Recreation,Sports & Recreation,12064,Community and Government > Government Building,Community and Government , Government Building,0.581,Low,Low similarity score
hunting_and_fishing_supplies,Sports & Recreation,Sports & Recreation,11154,Business and Professional Services > Refrigeration and Ice Supplier,Business and Professional Services , Refrigeration and Ice Supplier,0.586,Low,Low similarity score
paddle_tennis_club,Sports & Recreation,Sports & Recreation,10049,Arts and Entertainment > Salsa Club,Arts and Entertainment , Salsa Club,0.571,Low,Low similarity score
data_recovery,Technology & IT,Technology & IT,19064,Travel and Transportation > Boat or Ferry,Travel and Transportation , Boat or Ferry,0.538,Low,Low similarity score
credit_and_debt_counseling,Technology & IT,Technology & IT,11023,Business and Professional Services > Career Counselor,Business and Professional Services , Career Counselor,0.571,Low,Low similarity score
home_network_installation,Technology & IT,Technology & IT,19007,Travel and Transportation > Fuel Station,Travel and Transportation , Fuel Station,0.486,Low,Low similarity score
whale_watching_tours,Tourism & Attractions,Tourism & Attractions,17093,Retail > Leather Goods Store,Retail , Leather Goods Store,0.513,Low,Low similarity score
historical_tours,Tourism & Attractions,Tourism & Attractions,16007,Landmarks and Outdoors > Structure,Landmarks and Outdoors , Structure,0.56,Low,Low similarity score
atv_rentals_and_tours,Tourism & Attractions,Tourism & Attractions,19003,Travel and Transportation > Boat Rental,Travel and Transportation , Boat Rental,0.562,Low,Low similarity score
attractions_and_activities,Tourism & Attractions,Tourism & Attractions,11008,Business and Professional Services > Automation and Control System,Business and Professional Services , Automation and Control System,0.582,Low,Low similarity score
landmark_and_historical_building,Tourism & Attractions,Tourism & Attractions,16000,Landmarks and Outdoors,Landmarks and Outdoors,,0.593,Low,Low similarity score
seaplane_bases,Transportation,Transportation,17096,Retail > Miscellaneous Store,Retail , Miscellaneous Store,0.545,Low,Low similarity score
ride_sharing,Transportation,Transportation,19004,Travel and Transportation > Border Crossing,Travel and Transportation , Border Crossing,0.593,Low,Low similarity score
railway_ticket_agent,Transportation,Transportation,12093,Community and Government > Rehabilitation Center,Community and Government , Rehabilitation Center,0.537,Low,Low similarity score
ferry_boat_company,Transportation,Transportation,11123,Business and Professional Services > Mobile Company,Business and Professional Services , Mobile Company,0.562,Low,Low similarity score
light_rail_and_subway_stations,Transportation,Transportation,19000,Travel and Transportation,Travel and Transportation,,0.582,Low,Low similarity score
taxidermist,Transportation,Transportation,15007,Health and Medicine > Dentist,Health and Medicine , Dentist,0.556,Low,Low similarity score
pet_waste_removal,Utilities & Infrastructure,Utilities & Infrastructure,11133,Business and Professional Services > Pet Service,Business and Professional Services , Pet Service,0.571,Low,Low similarity score
energy_equipment_and_solution,Utilities & Infrastructure,Utilities & Infrastructure,11032,Business and Professional Services > Electrical Equipment Supplier,Business and Professional Services , Electrical Equipment Supplier,0.586,Low,Low similarity score
home_energy_auditor,Utilities & Infrastructure,Utilities & Infrastructure,17131,Retail > Stationery Store,Retail , Stationery Store,0.514,Low,Low similarity score
electric_utility_provider,Utilities & Infrastructure,Utilities & Infrastructure,11032,Business and Professional Services > Electrical Equipment Supplier,Business and Professional Services , Electrical Equipment Supplier,0.556,Low,Low similarity score
hazardous_waste_disposal,Utilities & Infrastructure,Utilities & Infrastructure,17143,Retail > Marijuana Dispensary,Retail , Marijuana Dispensary,0.5,Low,Low similarity score
